-- phpMyAdmin SQL Dump
-- version 4.8.2
-- https://www.phpmyadmin.net/
--
-- Host: 127.0.0.1
-- Generation Time: 23-Out-2018 às 23:19
-- Versão do servidor: 10.1.34-MariaDB
-- PHP Version: 7.2.8

SET SQL_MODE = "NO_AUTO_VALUE_ON_ZERO";
SET AUTOCOMMIT = 0;
START TRANSACTION;
SET time_zone = "+00:00";


/*!40101 SET @OLD_CHARACTER_SET_CLIENT=@@CHARACTER_SET_CLIENT */;
/*!40101 SET @OLD_CHARACTER_SET_RESULTS=@@CHARACTER_SET_RESULTS */;
/*!40101 SET @OLD_COLLATION_CONNECTION=@@COLLATION_CONNECTION */;
/*!40101 SET NAMES utf8mb4 */;

--
-- Database: `transp_u`
--
CREATE DATABASE IF NOT EXISTS `transp_u` DEFAULT CHARACTER SET latin1 COLLATE latin1_swedish_ci;
USE `transp_u`;

-- --------------------------------------------------------

--
-- Estrutura da tabela `corridas`
--

CREATE TABLE `corridas` (
  `idCorrida` int(11) NOT NULL,
  `fkMotorista` int(11) NOT NULL,
  `fkPassageiro` int(11) NOT NULL,
  `valorCorrida` double NOT NULL,
  `created` datetime NOT NULL DEFAULT CURRENT_TIMESTAMP,
  `modified` datetime DEFAULT NULL ON UPDATE CURRENT_TIMESTAMP
) ENGINE=InnoDB DEFAULT CHARSET=utf8;

--
-- Extraindo dados da tabela `corridas`
--

INSERT INTO `corridas` (`idCorrida`, `fkMotorista`, `fkPassageiro`, `valorCorrida`, `created`, `modified`) VALUES
(102, 16, 67, 116.2, '2018-10-23 21:04:31', NULL),
(103, 5, 24, 103.54, '2018-10-23 21:04:31', NULL),
(106, 17, 32, 131.75, '2018-10-23 21:04:31', NULL),
(108, 15, 29, 76.23, '2018-10-23 21:04:31', NULL),
(109, 7, 62, 11.4, '2018-10-23 21:04:31', NULL),
(111, 13, 26, 33.2, '2018-10-23 21:04:31', NULL),
(114, 3, 14, 150.34, '2018-10-23 21:04:31', NULL),
(115, 13, 32, 67.4, '2018-10-23 21:04:31', NULL),
(116, 18, 48, 111.48, '2018-10-23 21:04:31', NULL),
(117, 11, 82, 37.28, '2018-10-23 21:04:31', NULL),
(119, 14, 93, 153.85, '2018-10-23 21:04:31', NULL),
(120, 12, 72, 157.75, '2018-10-23 21:04:31', NULL),
(123, 18, 16, 38.15, '2018-10-23 21:04:31', NULL),
(124, 13, 95, 138.22, '2018-10-23 21:04:31', NULL),
(125, 18, 88, 66.86, '2018-10-23 21:04:31', NULL),
(127, 15, 43, 97.26, '2018-10-23 21:04:31', NULL),
(128, 10, 60, 136.36, '2018-10-23 21:04:31', NULL),
(130, 16, 18, 70.38, '2018-10-23 21:04:31', NULL),
(131, 7, 9, 137.7, '2018-10-23 21:04:31', NULL),
(134, 4, 76, 55.67, '2018-10-23 21:04:31', NULL),
(135, 6, 42, 67.54, '2018-10-23 21:04:31', NULL),
(138, 16, 22, 142.35, '2018-10-23 21:04:31', NULL),
(141, 5, 98, 142.5, '2018-10-23 21:04:31', NULL),
(145, 17, 18, 95.88, '2018-10-23 21:04:31', NULL),
(147, 16, 89, 32.84, '2018-10-23 21:04:31', NULL),
(150, 2, 37, 43.02, '2018-10-23 21:04:31', NULL),
(162, 1, 20, 38.57, '2018-10-23 21:04:31', NULL),
(167, 8, 87, 134.5, '2018-10-23 21:04:31', NULL),
(169, 9, 16, 141.49, '2018-10-23 21:04:31', NULL),
(171, 3, 56, 63.11, '2018-10-23 21:04:31', NULL),
(175, 18, 8, 108.5, '2018-10-23 21:04:31', NULL),
(177, 2, 75, 45.58, '2018-10-23 21:04:31', NULL),
(181, 6, 77, 25.95, '2018-10-23 21:04:31', NULL),
(183, 2, 68, 84.54, '2018-10-23 21:04:31', NULL),
(186, 2, 24, 25.89, '2018-10-23 21:04:31', NULL),
(187, 3, 27, 137.72, '2018-10-23 21:04:31', NULL),
(188, 17, 36, 26.8, '2018-10-23 21:04:31', NULL),
(189, 1, 33, 23.43, '2018-10-23 21:04:31', NULL),
(191, 5, 71, 99.76, '2018-10-23 21:04:31', NULL),
(192, 4, 72, 30.07, '2018-10-23 21:04:31', NULL),
(194, 8, 100, 116.77, '2018-10-23 21:04:31', NULL),
(195, 17, 51, 46.58, '2018-10-23 21:04:31', NULL),
(197, 18, 85, 71.27, '2018-10-23 21:04:31', NULL),
(301, 17, 100, 152.92, '2018-10-23 21:04:32', NULL),
(303, 16, 99, 101.38, '2018-10-23 21:04:32', NULL),
(306, 18, 36, 6.78, '2018-10-23 21:04:32', NULL),
(308, 3, 53, 98.34, '2018-10-23 21:04:32', NULL),
(309, 11, 30, 41.42, '2018-10-23 21:04:32', NULL),
(310, 1, 28, 60.92, '2018-10-23 21:04:32', NULL),
(312, 16, 41, 117.48, '2018-10-23 21:04:32', NULL),
(313, 14, 79, 55.29, '2018-10-23 21:04:32', NULL),
(314, 16, 60, 96.82, '2018-10-23 21:04:32', NULL),
(316, 6, 59, 64.19, '2018-10-23 21:04:32', NULL),
(317, 3, 18, 121.24, '2018-10-23 21:04:32', NULL),
(319, 12, 90, 50.45, '2018-10-23 21:04:32', NULL),
(323, 18, 74, 12.82, '2018-10-23 21:04:32', NULL),
(325, 15, 90, 11.45, '2018-10-23 21:04:32', NULL),
(326, 20, 80, 26.15, '2018-10-23 21:04:32', NULL),
(329, 7, 4, 152.21, '2018-10-23 21:04:32', NULL),
(333, 19, 50, 97.39, '2018-10-23 21:04:32', NULL),
(339, 5, 18, 34.19, '2018-10-23 21:04:32', NULL),
(340, 13, 27, 151.81, '2018-10-23 21:04:32', NULL),
(343, 1, 85, 14.49, '2018-10-23 21:04:32', NULL),
(345, 19, 12, 118.06, '2018-10-23 21:04:32', NULL),
(347, 14, 73, 57.89, '2018-10-23 21:04:32', NULL),
(348, 11, 32, 54.16, '2018-10-23 21:04:32', NULL),
(350, 7, 83, 112.53, '2018-10-23 21:04:32', NULL),
(351, 20, 3, 112.24, '2018-10-23 21:04:32', NULL),
(355, 2, 59, 16.8, '2018-10-23 21:04:32', NULL),
(358, 16, 70, 89.3, '2018-10-23 21:04:32', NULL),
(369, 3, 99, 46.04, '2018-10-23 21:04:32', NULL),
(370, 7, 58, 68.17, '2018-10-23 21:04:32', NULL),
(376, 6, 8, 83.43, '2018-10-23 21:04:32', NULL),
(377, 4, 24, 129.15, '2018-10-23 21:04:32', NULL),
(379, 2, 63, 29.71, '2018-10-23 21:04:32', NULL),
(382, 3, 90, 126.95, '2018-10-23 21:04:32', NULL),
(387, 20, 85, 114.99, '2018-10-23 21:04:32', NULL),
(388, 20, 94, 152.32, '2018-10-23 21:04:32', NULL),
(391, 6, 74, 24.78, '2018-10-23 21:04:32', NULL),
(400, 6, 57, 158.84, '2018-10-23 21:04:32', NULL);

-- --------------------------------------------------------

--
-- Estrutura da tabela `motoristas`
--

CREATE TABLE `motoristas` (
  `idMotorista` int(11) NOT NULL,
  `nomeMotorista` varchar(200) NOT NULL,
  `dataNascMotorista` date NOT NULL,
  `cpfMotorista` char(11) NOT NULL,
  `modeloCarro` varchar(200) NOT NULL,
  `statusMotorista` int(11) NOT NULL DEFAULT '1',
  `sexoMotorista` char(1) NOT NULL,
  `created` datetime NOT NULL DEFAULT CURRENT_TIMESTAMP,
  `modified` datetime DEFAULT NULL ON UPDATE CURRENT_TIMESTAMP
) ENGINE=InnoDB DEFAULT CHARSET=utf8;

--
-- Extraindo dados da tabela `motoristas`
--

INSERT INTO `motoristas` (`idMotorista`, `nomeMotorista`, `dataNascMotorista`, `cpfMotorista`, `modeloCarro`, `statusMotorista`, `sexoMotorista`, `created`, `modified`) VALUES
(1, 'Sarah', '1992-03-26', '45394586181', 'Volkswagen Saveiro', 1, 'f', '2018-10-23 20:38:35', NULL),
(2, 'Eduardo', '1998-06-25', '52182236480', 'Chevrolet Onix', 1, 'm', '2018-10-23 20:38:35', NULL),
(3, 'Gabriel', '1985-08-08', '49295256360', 'Fiat Mobi', 1, 'm', '2018-10-23 20:38:35', NULL),
(4, 'Lucas', '1991-06-21', '45562984381', 'Honda HR-V', 1, 'm', '2018-10-23 20:38:35', NULL),
(5, 'Laura', '1970-08-19', '60119506805', 'Hyundai HB20', 1, 'f', '2018-10-23 20:38:35', NULL),
(6, 'Pedro', '1981-05-29', '40240071005', 'Volkswagen Polo', 1, 'm', '2018-10-23 20:38:35', NULL),
(7, 'Bryan', '1972-04-04', '44851675590', 'Renault Kwid', 1, 'm', '2018-10-23 20:38:35', NULL),
(8, 'Clara', '1970-11-09', '49162052648', 'Volkswagen Saveiro', 1, 'f', '2018-10-23 20:38:35', NULL),
(9, 'Catarina', '1986-04-11', '45324165831', 'Renault Kwid', 1, 'f', '2018-10-23 20:38:35', NULL),
(10, 'Cauã', '1989-01-25', '40240071895', 'Hyundai Creta', 1, 'm', '2018-10-23 20:38:35', NULL),
(11, 'Mariana', '1993-10-13', '54188667789', 'Nissan Kicks', 1, 'f', '2018-10-23 20:38:35', NULL),
(12, 'Marina', '1985-11-19', '52278573088', 'Honda HR-V', 1, 'f', '2018-10-23 20:38:35', NULL),
(13, 'Melissa', '1998-11-06', '51885565513', 'Renault Sandero', 1, 'f', '2018-10-23 20:38:35', NULL),
(14, 'Caio', '1980-05-01', '60114051317', 'Volkswagen Virtus', 1, 'm', '2018-10-23 20:38:35', NULL),
(15, 'Bernardo', '1980-08-29', '54624099854', 'Renault Sandero', 1, 'm', '2018-10-23 20:38:35', NULL),
(16, 'Murilo', '1985-12-30', '55339394000', 'Toyota Corolla', 1, 'm', '2018-10-23 20:38:35', NULL),
(17, 'Maria Eduarda', '1983-08-22', '37939429230', 'Volkswagen Polo', 1, 'f', '2018-10-23 20:38:35', NULL),
(18, 'Lorenzo', '1974-02-10', '34410222638', 'Hyundai Creta', 1, 'm', '2018-10-23 20:38:35', NULL),
(19, 'Valentina', '1978-12-06', '51894647698', 'Toyota Corolla', 1, 'f', '2018-10-23 20:38:35', NULL),
(20, 'Pedro Henrique', '1995-12-19', '60113396267', 'Fiat Mobi', 1, 'm', '2018-10-23 20:38:35', NULL),
(21, 'Helena', '1977-10-29', '40240071784', 'Toyota Corolla', 1, 'f', '2018-10-23 20:38:35', NULL),
(22, 'Ana Beatriz', '1981-05-20', '53332676387', 'Honda HR-V', 1, 'f', '2018-10-23 20:38:35', NULL),
(23, 'Benjamin', '1977-01-30', '40240071796', 'Honda HR-V', 1, 'm', '2018-10-23 20:38:35', NULL),
(24, 'Enrico', '1972-06-01', '53691678272', 'Toyota Corolla', 1, 'm', '2018-10-23 20:38:35', NULL),
(25, 'Lavínia', '1977-12-21', '40240071179', 'Toyota Corolla', 1, 'f', '2018-10-23 20:38:35', NULL),
(26, 'Esther', '1973-05-02', '60110607255', 'Chevrolet Onix', 1, 'f', '2018-10-23 20:38:35', NULL),
(27, 'Pietro', '1981-06-22', '47166984838', 'Honda HR-V', 1, 'm', '2018-10-23 20:38:35', NULL),
(28, 'João Pedro', '1990-09-27', '37144901196', 'Renault Kwid', 1, 'm', '2018-10-23 20:38:35', NULL),
(29, 'Heloísa', '1999-09-19', '45565260305', 'Renault Kwid', 1, 'f', '2018-10-23 20:38:35', NULL),
(30, 'Matheus', '1979-02-06', '52804309182', 'Volkswagen Virtus', 1, 'm', '2018-10-23 20:38:35', NULL),
(31, 'Ana Clara', '1991-11-14', '60112614074', 'Jeep Compass', 1, 'f', '2018-10-23 20:38:35', NULL),
(32, 'Emanuelly', '1980-11-12', '60112302872', 'Volkswagen Virtus', 1, 'f', '2018-10-23 20:38:35', NULL),
(33, 'Amanda', '1983-01-21', '51728239365', 'Hyundai HB20', 1, 'f', '2018-10-23 20:38:35', NULL),
(34, 'Vicente', '1974-04-26', '44853653658', 'Renault Kwid', 1, 'm', '2018-10-23 20:38:35', NULL),
(35, 'Benício', '1988-08-22', '51258962173', 'Toyota Corolla', 1, 'm', '2018-10-23 20:38:35', NULL),
(36, 'Ana Luiza', '1985-05-29', '44859162373', 'Honda HR-V', 1, 'f', '2018-10-23 20:38:35', NULL),
(37, 'Cecília', '1979-04-25', '53935305628', 'Volkswagen Polo', 1, 'f', '2018-10-23 20:38:35', NULL),
(38, 'Larissa', '1973-01-22', '49162241685', 'Volkswagen Gol', 1, 'f', '2018-10-23 20:38:35', NULL),
(39, 'Francisco', '1985-01-11', '37966454974', 'Jeep Renegade', 1, 'm', '2018-10-23 20:38:35', NULL),
(40, 'Samuel', '1992-05-23', '60113175910', 'Fiat Strada', 1, 'm', '2018-10-23 20:38:35', NULL),
(41, 'Arthur', '1970-10-18', '45326123864', 'Renault Sandero', 1, 'm', '2018-10-23 20:38:35', NULL),
(42, 'Vitor', '1980-09-15', '54721886683', 'Volkswagen Polo', 1, 'm', '2018-10-23 20:38:35', NULL),
(43, 'Maria Clara', '1987-09-25', '45391863406', 'Toyota Corolla', 1, 'f', '2018-10-23 20:38:35', NULL),
(44, 'Rafaela', '1976-08-27', '45329125492', 'Toyota Corolla', 1, 'f', '2018-10-23 20:38:35', NULL),
(45, 'Vinicius', '1970-11-29', '45562541690', 'Volkswagen Saveiro', 1, 'm', '2018-10-23 20:38:35', NULL),
(46, 'Manuela', '1975-08-24', '52231615533', 'Toyota Corolla', 1, 'f', '2018-10-23 20:38:35', NULL),
(47, 'Beatriz', '1997-12-15', '49295172982', 'Toyota Corolla', 1, 'f', '2018-10-23 20:38:35', NULL),
(48, 'Heitor', '1986-11-16', '54286574497', 'Nissan Kicks', 1, 'm', '2018-10-23 20:38:35', NULL),
(49, 'Emanuel', '1976-08-30', '34310955220', 'Volkswagen Gol', 1, 'm', '2018-10-23 20:38:35', NULL),
(50, 'Letícia', '1992-01-29', '45324339787', 'Renault Kwid', 1, 'f', '2018-10-23 20:38:35', NULL);

-- --------------------------------------------------------

--
-- Estrutura da tabela `passageiros`
--

CREATE TABLE `passageiros` (
  `idPassageiro` int(11) NOT NULL,
  `nomePassageiro` varchar(200) NOT NULL,
  `dataNascPassageiro` date NOT NULL,
  `cpfPassageiro` char(11) NOT NULL,
  `sexoPassageiro` char(1) NOT NULL,
  `created` datetime NOT NULL DEFAULT CURRENT_TIMESTAMP,
  `modified` datetime DEFAULT NULL ON UPDATE CURRENT_TIMESTAMP
) ENGINE=InnoDB DEFAULT CHARSET=utf8;

--
-- Extraindo dados da tabela `passageiros`
--

INSERT INTO `passageiros` (`idPassageiro`, `nomePassageiro`, `dataNascPassageiro`, `cpfPassageiro`, `sexoPassageiro`, `created`, `modified`) VALUES
(1, 'Sophia', '1983-06-05', '47668417059', 'f', '2018-10-23 20:52:15', NULL),
(2, 'Cecília', '1973-02-22', '45326486336', 'f', '2018-10-23 20:52:15', NULL),
(3, 'Guilherme', '1991-08-28', '45393625221', 'm', '2018-10-23 20:52:15', NULL),
(4, 'João Pedro', '1996-08-11', '53478951231', 'm', '2018-10-23 20:52:15', NULL),
(5, 'Luiza', '1991-02-13', '37850769969', 'f', '2018-10-23 20:52:15', NULL),
(6, 'João Vitor', '1988-10-23', '52673149026', 'm', '2018-10-23 20:52:15', NULL),
(7, 'Mariana', '1990-05-27', '44855753128', 'f', '2018-10-23 20:52:15', NULL),
(8, 'Henrique', '1974-05-14', '49164392787', 'm', '2018-10-23 20:52:15', NULL),
(9, 'Daniel', '1980-06-01', '52346421909', 'm', '2018-10-23 20:52:15', NULL),
(10, 'Bernardo', '1995-12-18', '55447843763', 'm', '2018-10-23 20:52:15', NULL),
(11, 'Rebeca', '1981-10-15', '51003385289', 'f', '2018-10-23 20:52:15', NULL),
(12, 'Emanuelly', '1983-08-26', '44851997861', 'f', '2018-10-23 20:52:15', NULL),
(13, 'Gabriel', '1982-06-06', '51975936861', 'm', '2018-10-23 20:52:15', NULL),
(14, 'Bianca', '1992-07-15', '34989378113', 'f', '2018-10-23 20:52:15', NULL),
(15, 'Thomas', '1998-04-18', '44547112767', 'm', '2018-10-23 20:52:15', NULL),
(16, 'Catarina', '1995-08-28', '60112809837', 'f', '2018-10-23 20:52:15', NULL),
(17, 'Amanda', '1989-08-22', '52815528494', 'f', '2018-10-23 20:52:15', NULL),
(18, 'Thiago', '1989-08-05', '55637053925', 'm', '2018-10-23 20:52:15', NULL),
(19, 'Alícia', '1980-10-24', '53465797235', 'f', '2018-10-23 20:52:15', NULL),
(20, 'Lucas', '1971-05-25', '54933425255', 'm', '2018-10-23 20:52:15', NULL),
(21, 'Caio', '1980-11-09', '51613097881', 'm', '2018-10-23 20:52:15', NULL),
(22, 'Lavínia', '1999-01-31', '45326768584', 'f', '2018-10-23 20:52:15', NULL),
(23, 'Pedro', '1993-09-24', '49162601052', 'm', '2018-10-23 20:52:15', NULL),
(24, 'Emanuel', '1974-01-22', '51335565160', 'm', '2018-10-23 20:52:15', NULL),
(25, 'Antônio', '1987-01-28', '55898580065', 'm', '2018-10-23 20:52:15', NULL),
(26, 'Heitor', '1989-11-30', '34851066190', 'm', '2018-10-23 20:52:15', NULL),
(27, 'Enrico', '1987-04-26', '49298859612', 'm', '2018-10-23 20:52:15', NULL),
(28, 'Marina', '1999-01-21', '60119409791', 'f', '2018-10-23 20:52:15', NULL),
(29, 'Rafaela', '1994-07-06', '55536849256', 'f', '2018-10-23 20:52:15', NULL),
(30, 'Esther', '1992-07-27', '53120305361', 'f', '2018-10-23 20:52:15', NULL),
(31, 'Vinicius', '1989-11-18', '43824727030', 'm', '2018-10-23 20:52:15', NULL),
(32, 'Rafael', '1978-10-28', '55497613061', 'm', '2018-10-23 20:52:15', NULL),
(33, 'Ana', '1996-03-23', '55366132379', 'f', '2018-10-23 20:52:15', NULL),
(34, 'Vitória', '1976-03-28', '49296377495', 'f', '2018-10-23 20:52:15', NULL),
(35, 'Ana Clara', '1988-06-21', '53763780649', 'f', '2018-10-23 20:52:15', NULL),
(36, 'Pietro', '1988-01-21', '34102033589', 'm', '2018-10-23 20:52:15', NULL),
(37, 'Clara', '1986-12-04', '45321531835', 'f', '2018-10-23 20:52:15', NULL),
(38, 'Manuela', '1985-09-21', '45563132656', 'f', '2018-10-23 20:52:15', NULL),
(39, 'Murilo', '1981-12-09', '49291053027', 'm', '2018-10-23 20:52:15', NULL),
(40, 'Maria Clara', '1982-08-30', '55919101458', 'f', '2018-10-23 20:52:15', NULL),
(41, 'Joaquim', '1982-08-16', '47160921949', 'm', '2018-10-23 20:52:15', NULL),
(42, 'Pedro Henrique', '1992-03-31', '44858631180', 'm', '2018-10-23 20:52:15', NULL),
(43, 'Miguel', '1996-08-08', '52551811730', 'm', '2018-10-23 20:52:15', NULL),
(44, 'Lorena', '1989-06-15', '45390137300', 'f', '2018-10-23 20:52:15', NULL),
(45, 'Heloísa', '1977-05-29', '53197069945', 'f', '2018-10-23 20:52:15', NULL),
(46, 'Ana Luiza', '1985-10-26', '34267348271', 'f', '2018-10-23 20:52:15', NULL),
(47, 'João', '1990-05-05', '49164471620', 'm', '2018-10-23 20:52:15', NULL),
(48, 'Leonardo', '1975-05-25', '53195164775', 'm', '2018-10-23 20:52:15', NULL),
(49, 'Enzo', '1972-03-10', '45566589033', 'm', '2018-10-23 20:52:15', NULL),
(50, 'Davi Lucas', '1981-02-10', '53806386050', 'm', '2018-10-23 20:52:15', NULL),
(51, 'Júlia', '1986-09-27', '51131450731', 'f', '2018-10-23 20:52:15', NULL),
(52, 'Maria Alice', '1972-03-04', '51983907367', 'f', '2018-10-23 20:52:15', NULL),
(53, 'Larissa', '1996-09-11', '44859230325', 'f', '2018-10-23 20:52:15', NULL),
(54, 'Valentina', '1972-06-26', '60114611613', 'f', '2018-10-23 20:52:15', NULL),
(55, 'Vicente', '1990-02-22', '55460482648', 'm', '2018-10-23 20:52:15', NULL),
(56, 'Vitor', '1995-03-26', '51490702256', 'm', '2018-10-23 20:52:15', NULL),
(57, 'Davi Lucca', '1970-03-27', '45391943813', 'm', '2018-10-23 20:52:15', NULL),
(58, 'Isadora', '1980-02-25', '45563319812', 'f', '2018-10-23 20:52:15', NULL),
(59, 'Nicole', '1977-01-20', '55442036386', 'f', '2018-10-23 20:52:15', NULL),
(60, 'Alice', '1988-08-02', '55837876886', 'f', '2018-10-23 20:52:15', NULL),
(61, 'Maria Fernanda', '1995-03-07', '51368982691', 'f', '2018-10-23 20:52:15', NULL),
(62, 'Cauã', '1998-03-24', '34506457930', 'm', '2018-10-23 20:52:15', NULL),
(63, 'Lívia', '1970-11-05', '49299226727', 'f', '2018-10-23 20:52:15', NULL),
(64, 'Gabriela', '1989-05-17', '51800299167', 'f', '2018-10-23 20:52:15', NULL),
(65, 'Eduardo', '1973-05-07', '60117599563', 'm', '2018-10-23 20:52:15', NULL),
(66, 'Melissa', '1996-10-17', '55119938968', 'f', '2018-10-23 20:52:15', NULL),
(67, 'Samuel', '1982-01-13', '51624511438', 'm', '2018-10-23 20:52:15', NULL),
(68, 'Gustavo', '1999-01-15', '54024747632', 'm', '2018-10-23 20:52:15', NULL),
(69, 'Nicolas', '1994-06-22', '52012822405', 'm', '2018-10-23 20:52:15', NULL),
(70, 'João Miguel', '1971-02-25', '49295615808', 'm', '2018-10-23 20:52:15', NULL),
(71, 'Lucca', '1979-10-05', '45321189635', 'm', '2018-10-23 20:52:15', NULL),
(72, 'Laura', '1998-11-09', '34916643589', 'f', '2018-10-23 20:52:15', NULL),
(73, 'Maria Luiza', '1976-09-27', '52549442187', 'f', '2018-10-23 20:52:15', NULL),
(74, 'Francisco', '1992-04-11', '45392159938', 'm', '2018-10-23 20:52:15', NULL),
(75, 'Davi', '1986-09-15', '55889386970', 'm', '2018-10-23 20:52:15', NULL),
(76, 'Yasmin', '1997-01-28', '55405228664', 'f', '2018-10-23 20:52:15', NULL),
(77, 'Ana Beatriz', '1977-01-01', '47166987535', 'f', '2018-10-23 20:52:15', NULL),
(78, 'Lorenzo', '1981-01-15', '52295548654', 'm', '2018-10-23 20:52:15', NULL),
(79, 'Arthur', '1977-08-16', '60115435383', 'm', '2018-10-23 20:52:15', NULL),
(80, 'Maria Eduarda', '1972-07-08', '49297614478', 'f', '2018-10-23 20:52:15', NULL),
(81, 'Matheus', '1982-12-10', '45321378266', 'm', '2018-10-23 20:52:15', NULL),
(82, 'Enzo Gabriel', '1974-06-22', '44854320172', 'm', '2018-10-23 20:52:15', NULL),
(83, 'Ana Júlia', '1982-02-08', '49165744848', 'f', '2018-10-23 20:52:15', NULL),
(84, 'Benício', '1982-02-13', '51724482721', 'm', '2018-10-23 20:52:15', NULL),
(85, 'Helena', '1978-07-04', '45566374297', 'f', '2018-10-23 20:52:15', NULL),
(86, 'Isabella', '1992-09-11', '47162673012', 'f', '2018-10-23 20:52:15', NULL),
(87, 'Isis', '1987-03-12', '55069432728', 'f', '2018-10-23 20:52:15', NULL),
(88, 'Lara', '1983-07-12', '51752089649', 'f', '2018-10-23 20:52:15', NULL),
(89, 'Felipe', '1995-04-26', '54771722732', 'm', '2018-10-23 20:52:15', NULL),
(90, 'Giovanna', '1981-05-29', '55305140581', 'f', '2018-10-23 20:52:15', NULL),
(91, 'Isabelly', '1991-02-23', '55050325712', 'f', '2018-10-23 20:52:15', NULL),
(92, 'Benjamin', '1989-01-19', '47160647043', 'm', '2018-10-23 20:52:15', NULL),
(93, 'Letícia', '1991-10-20', '40240071117', 'f', '2018-10-23 20:52:15', NULL),
(94, 'Bryan', '1988-05-13', '37159420438', 'm', '2018-10-23 20:52:15', NULL),
(95, 'Beatriz', '1998-12-17', '51215022168', 'f', '2018-10-23 20:52:15', NULL),
(96, 'Sarah', '1998-01-11', '34359647702', 'f', '2018-10-23 20:52:15', NULL),
(97, 'João Lucas', '1978-12-24', '52104018086', 'm', '2018-10-23 20:52:15', NULL),
(98, 'Theo', '1989-09-28', '44850069755', 'm', '2018-10-23 20:52:15', NULL),
(99, 'Isaac', '1990-02-08', '54784806443', 'm', '2018-10-23 20:52:15', NULL),
(100, 'Maria', '1995-07-24', '51522185444', 'f', '2018-10-23 20:52:15', NULL);

--
-- Indexes for dumped tables
--

--
-- Indexes for table `corridas`
--
ALTER TABLE `corridas`
  ADD PRIMARY KEY (`idCorrida`),
  ADD KEY `fkMotorista` (`fkMotorista`),
  ADD KEY `fkPassageiro` (`fkPassageiro`);

--
-- Indexes for table `motoristas`
--
ALTER TABLE `motoristas`
  ADD PRIMARY KEY (`idMotorista`),
  ADD UNIQUE KEY `cpfMotorista` (`cpfMotorista`);

--
-- Indexes for table `passageiros`
--
ALTER TABLE `passageiros`
  ADD PRIMARY KEY (`idPassageiro`),
  ADD UNIQUE KEY `cpfPassageiro` (`cpfPassageiro`);

--
-- AUTO_INCREMENT for dumped tables
--

--
-- AUTO_INCREMENT for table `corridas`
--
ALTER TABLE `corridas`
  MODIFY `idCorrida` int(11) NOT NULL AUTO_INCREMENT, AUTO_INCREMENT=401;

--
-- AUTO_INCREMENT for table `motoristas`
--
ALTER TABLE `motoristas`
  MODIFY `idMotorista` int(11) NOT NULL AUTO_INCREMENT, AUTO_INCREMENT=51;

--
-- AUTO_INCREMENT for table `passageiros`
--
ALTER TABLE `passageiros`
  MODIFY `idPassageiro` int(11) NOT NULL AUTO_INCREMENT, AUTO_INCREMENT=201;

--
-- Constraints for dumped tables
--

--
-- Limitadores para a tabela `corridas`
--
ALTER TABLE `corridas`
  ADD CONSTRAINT `corridas_ibfk_1` FOREIGN KEY (`fkMotorista`) REFERENCES `motoristas` (`idMotorista`),
  ADD CONSTRAINT `corridas_ibfk_2` FOREIGN KEY (`fkPassageiro`) REFERENCES `passageiros` (`idPassageiro`);
COMMIT;

/*!40101 SET CHARACTER_SET_CLIENT=@OLD_CHARACTER_SET_CLIENT */;
/*!40101 SET CHARACTER_SET_RESULTS=@OLD_CHARACTER_SET_RESULTS */;
/*!40101 SET COLLATION_CONNECTION=@OLD_COLLATION_CONNECTION */;

GRANT ALL PRIVILEGES ON *.* TO 'transp_u_master'@'localhost' IDENTIFIED BY PASSWORD '*000331B3790BBBB02D54D7E1CAD9D03C23445537' WITH GRANT OPTION;